"tweet_id","in_reply_to_status_id","in_reply_to_user_id","timestamp","source","text","retweeted_status_id","retweeted_status_user_id","retweeted_status_timestamp","expanded_urls"
"954363742799605766","954332538926845952","316244049","2018-01-19 14:43:42 +0000","<a href=""https://github.com/TwidereProject"" rel=""nofollow"">Twidere for Android #8</a>","@raoxiaowen 谢谢提醒，应该会的","","","",""
"954183358426181633","","","2018-01-19 02:46:55 +0000","<a href=""https://github.com/TwidereProject"" rel=""nofollow"">Twidere for Android #8</a>","两个月了，刚刚接到新建村村委会的电话，说已经联系上房东，明天会退房租。这件事终于也可以告一段落了。
我应该也不会再更新了。
感谢过去两个月关注此事的人，帮助过我的人，比心，哈哈。","","","",""
"944526875618983936","","","2017-12-23 11:15:30 +0000","<a href=""https://github.com/TwidereProject"" rel=""nofollow"">Twidere for Android #8</a>","我爸终于问我有关大兴火灾的事了，你们那离出事的那远吗？
不太远。前两天还火灾演习呢。
嗯，他说的你们那是指公司","","","",""
"940559967995666432","","","2017-12-12 12:32:25 +0000","<a href=""https://github.com/TwidereProject"" rel=""nofollow"">Twidere for Android #8</a>","RT @5717693257: #华涌#

请大家关注被抓村民。 https://t.co/pSfAuC9V0y","940485461117726720","2580214998","2017-12-12 07:36:21 +0000","https://twitter.com/5717693257/status/940485461117726720/photo/1,https://twitter.com/5717693257/status/940485461117726720/photo/1"
"940556484470964224","","","2017-12-12 12:18:35 +0000","<a href=""https://github.com/TwidereProject"" rel=""nofollow"">Twidere for Android #8</a>","上 YouTube 观看“华涌12月12日：护送华涌的几位村民被抓捕！呼吁国内外律师关注此事！” - https://t.co/frg1k2FFk8","","","","https://youtu.be/gu6k03oa14U"
"940203383511662593","","","2017-12-11 12:55:29 +0000","<a href=""https://github.com/TwidereProject"" rel=""nofollow"">Twidere for Android #8</a>","上 YouTube 观看“华涌12月11日报平安视频” - https://t.co/HrfzwkiPjQ","","","","https://youtu.be/CrYIbR9M090"
"940187507617972224","","","2017-12-11 11:52:24 +0000","<a href=""https://github.com/TwidereProject"" rel=""nofollow"">Twidere for Android #8</a>","我后来发现，中国人筑墙的技术是一流的 https://t.co/dsv3NBFbt4","","","","https://twitter.com/yigezaimin/status/940187507617972224/photo/1"
"939808669641797632","","","2017-12-10 10:47:02 +0000","<a href=""https://github.com/TwidereProject"" rel=""nofollow"">Twidere for Android #8</a>","我还是我，因为我原来的头像是当时在新建村临时拍的，也没有处理，刚刚看了看，还有人家的车牌，这就不好了。","","","",""
"939807340601131009","","","2017-12-10 10:41:45 +0000","<a href=""https://github.com/TwidereProject"" rel=""nofollow"">Twidere for Android #8</a>","跟家乡一老友见面，他告诉我说家乡县里也在搞治理，小工厂不让干了，打击火灾隐患，还有谣传廊坊市委书记到我县，直接对我县县长草娘日奶，不知真假，可也足见态度了。","","","",""
"939806264158142464","","","2017-12-10 10:37:28 +0000","<a href=""https://github.com/TwidereProject"" rel=""nofollow"">Twidere for Android #8</a>","又看了很多火灾之后的视频资料，大多都是来自华涌的，这么长时间了，我不是很想提，我觉得很难过，但我又觉得应该提，不提，怎么让更多人知道呢。","","","",""
"939788097755033600","","","2017-12-10 09:25:17 +0000","<a href=""https://github.com/TwidereProject"" rel=""nofollow"">Twidere for Android #8</a>","看到华涌最近的事了，的确很勇敢很敬佩，他又招谁惹谁了呢！说起来，这也是我要用小号大推特的原因，我怕啊。但是华涌不怕，华涌可敬。","","","",""
"939784160679362560","","","2017-12-10 09:09:38 +0000","<a href=""https://github.com/TwidereProject"" rel=""nofollow"">Twidere for Android #8</a>","上 YouTube 观看“华涌12月9日报平安视频” - https://t.co/8z7TlqxFBf","","","","https://youtu.be/WVVvptT2oCg"
"939779575491411968","","","2017-12-10 08:51:25 +0000","<a href=""https://github.com/TwidereProject"" rel=""nofollow"">Twidere for Android #8</a>","上 YouTube 观看“华涌12月10日世界人权日报平安 5” - https://t.co/8x1itxLAFq","","","","https://youtu.be/4_IZvIVfFvs"
"936586548052574210","936580604354633728","2497818186","2017-12-01 13:23:28 +0000","<a href=""http://twitter.com/download/android"" rel=""nofollow"">Twitter for Android</a>","我跟同事们聊起来我去捐赠现场的事，说到了我分文没有得到，某同事说，这个时候就应该把自己说的要多可怜有多可怜。可是我是个要强的人啊，我才不想为了几百块钱让别人可怜我。我才不想为了几百块说谎话。该是什么样，就是什么样。","","","",""
"936585526714306560","936580604354633728","2497818186","2017-12-01 13:19:25 +0000","<a href=""http://twitter.com/download/android"" rel=""nofollow"">Twitter for Android</a>","跟那记者聊天，说到我那几天的屈辱经历，女记者问你看过战狼吗有没有想到战狼。我说我没有想到那个，我想到了出租车司机。但他不知道，我又补充是个禁片。我之所以想到出租车司机，也是我遇到很多封锁戒严的事情。只可惜我不是片里的记者，出租车司机。","","","",""
"936584819449806848","","","2017-12-01 13:16:36 +0000","<a href=""http://twitter.com/download/android"" rel=""nofollow"">Twitter for Android</a>","再来说说低端人口，前几天第一次听到低端人口这个词的时候很不爽，这种不爽是发自内心的。我看到有人用这个做段子材料，有人自嘲说自己是低端人口，我却很气愤，觉得在这个时候应该严肃，而不是嘻哈。这种情况，大概也只有你置身其中才能体会。
#低端人口","","","",""
"936583160204107776","936580604354633728","2497818186","2017-12-01 13:10:00 +0000","<a href=""http://twitter.com/download/android"" rel=""nofollow"">Twitter for Android</a>","说实在话，跟这些记者，好心人聊，我倒觉得很开心，很神奇。突然觉得这件事也是有正面价值的，突然觉得人生还是要有些以后能够跟别人吹牛逼的事迹，能够说我当年如何如何，而不是我听说过如何如何。即便经历这种事不是好事，但毕竟后来发生的很多事给了人生很多新的东西。
#平凡的人一辈子都不会经历","","","",""
"936582068854702080","936580604354633728","2497818186","2017-12-01 13:05:40 +0000","<a href=""http://twitter.com/download/android"" rel=""nofollow"">Twitter for Android</a>","#低端人口 #大兴火灾","","","",""
"936581420553723904","936580604354633728","2497818186","2017-12-01 13:03:06 +0000","<a href=""http://twitter.com/download/android"" rel=""nofollow"">Twitter for Android</a>","今天来了十几个人，在等待这些好心人来的时候，我们互相聊天，也问了一些他们的情况，有一个就是出事公寓的住户，现在住在他们厂里，房租不知能不能拿到。有一个3号回老家黑龙江，我问他不要房租了？他回复等不起，没工作没住处每天白赔钱。有一个说他们工厂原来在新建村里，现在搬到河北，他也过去","","","",""
"936580604354633728","","","2017-12-01 12:59:51 +0000","<a href=""http://twitter.com/download/android"" rel=""nofollow"">Twitter for Android</a>","自从把我的证件等物品拿出来那天，也就是上月23日以后，政府和房东就再没有联系过我们。我们有一个微信群，今天群主组织搞了个见面，有好心人其实是某媒体的人过来捐赠，现场了解情况，加微信发红包。我因为是个程序员有稳定工作，相比那些还没地住，没工作的人好很多，说明情况后，好心人也就没给钱","","","",""
"936578297470713856","935671149358342144","205545728","2017-12-01 12:50:41 +0000","<a href=""http://twitter.com/download/android"" rel=""nofollow"">Twitter for Android</a>","@chen_gen_gen 我不想做假设。我觉得这就是个偶然事件，出事的公寓本身并不安全，而北京市又确实以此作为一个由头，疏散外来人口。","","","",""
"936577891965452290","935669326576631808","205545728","2017-12-01 12:49:04 +0000","<a href=""http://twitter.com/download/android"" rel=""nofollow"">Twitter for Android</a>","@chen_gen_gen 现在已经有官方通报了，自己去看吧","","","",""
"935008488505274369","","","2017-11-27 04:52:49 +0000","<a href=""http://twitter.com/download/android"" rel=""nofollow"">Twitter for Android</a>","周一来了公司，同事们还在说那件事，我却完全不想聊，没意思了，他们是旁观者，那件事对他们只是谈资，对我则不一样，我也试着向他们讲过我的遭遇，但显然我没有得到我想要的回复。没有亲历过，毕竟难以体会。我说了又有什么用。","","","",""
"934728782438588417","934639294945173505","788648678","2017-11-26 10:21:22 +0000","<a href=""http://twitter.com/download/android"" rel=""nofollow"">Twitter for Android</a>","@JiangsongWang 嗯，我就在这个公寓。","","","",""
"934728229818003457","934691230491054081","401360967","2017-11-26 10:19:11 +0000","<a href=""http://twitter.com/download/android"" rel=""nofollow"">Twitter for Android</a>","@dylan_cjs @JiangsongWang @zhouyilu 没有，男房东进去了，女房东在外面，但她说警方要他跟警方协商之后退房租。","","","",""
"933830641220587520","933829794612965376","2497818186","2017-11-23 22:52:29 +0000","<a href=""http://twitter.com/download/android"" rel=""nofollow"">Twitter for Android</a>","然而看最近的一连串新闻，给我的感觉就是矫枉过正，毛不是说过嘛，矫枉必须过正，不过正不能矫枉。
我党这么多年，这种性格真是没有变 。","","","",""
"933829794612965376","933828876555370496","2497818186","2017-11-23 22:49:07 +0000","<a href=""http://twitter.com/download/android"" rel=""nofollow"">Twitter for Android</a>","其实说是外来务工人员，但现在的这些人已经比十几二十几年前差别巨大了，也懂得利用网络使用网络，也越来越懂得怎么发声。我还是相信，以后社会会越来越好，政府会越来越好，普通民众也会越来越不容易被欺骗，欺负。","","","",""
"933828876555370496","","","2017-11-23 22:45:28 +0000","<a href=""http://twitter.com/download/android"" rel=""nofollow"">Twitter for Android</a>","以前媒体上说农民工这个词太多，于是好像都有了贬义，后来又开始说外来务工人员这个词,再后来又开始说低端人口这个词，说的多了，就都成了贬义词。
#大兴火灾 #思考","","","",""
"933674730715955200","","","2017-11-23 12:32:57 +0000","<a href=""http://twitter.com/download/android"" rel=""nofollow"">Twitter for Android</a>","说一下温情的吧。火灾发生之后，没地方住，还好住在另外一个公寓的同事收留了我，他借我外套穿，盖同一床被子。我们经理知道我的事情后，主动把他的被褥送给我，让我搬完新家就有被褥。我的另一个同事，再三请我去他家客厅住，我并没有去，周一睡的公司办公室。第二天他带来了一大袋吃食给我。#大兴 https://t.co/hUhEpyLEJq","","","","https://twitter.com/yigezaimin/status/933674730715955200/photo/1"
"933673706789859328","933528053657034752","40833181","2017-11-23 12:28:53 +0000","<a href=""http://twitter.com/download/android"" rel=""nofollow"">Twitter for Android</a>","@try2feel 这个说一下，我是受灾群众，19号这个公告我根本没有资格。","","","",""
"933334756304994304","933321887219777536","2497818186","2017-11-22 14:02:01 +0000","<a href=""http://twitter.com/download/android"" rel=""nofollow"">Twitter for Android</a>","#大兴 #火灾","","","",""
"933333841653112832","933326876793176065","2497818186","2017-11-22 13:58:23 +0000","<a href=""http://twitter.com/download/android"" rel=""nofollow"">Twitter for Android</a>","https://t.co/dwh7JVkQtx","","","","https://twitter.com/yigezaimin/status/933333841653112832/photo/1"
"933331377877008384","933321887219777536","2497818186","2017-11-22 13:48:35 +0000","<a href=""http://twitter.com/download/android"" rel=""nofollow"">Twitter for Android</a>","再来说说警察，我搬东西，去的时候，两个人护送，其中一个是某派出所民警，另外一个听说话都不算警察，但臂上有志愿者袖章，回来的时候，甚至是六个人陪同，有几个是警察，可全程，没一个人哪怕帮我拿一下包，大概都觉得包脏。下车的时候，这些警察又一个比一个跑得快。
嗯，为人民服务","","","",""
"933329076374323200","933321887219777536","2497818186","2017-11-22 13:39:26 +0000","<a href=""http://twitter.com/download/android"" rel=""nofollow"">Twitter for Android</a>","整个公寓只给了一天时间搬，然后又是分批搬，具体到一个人连半个小时可能都没有，我因为东西少只十几分钟，可还有那东西多的啊。
派出所公安显然想到了这个问题，让你签字画押，让你说你是自愿放弃所有其他生活用品的。","","","",""
"933328979410370561","933323110589304832","753969641421103104","2017-11-22 13:39:03 +0000","<a href=""http://twitter.com/download/android"" rel=""nofollow"">Twitter for Android</a>","@redinc709 我又写了两条，我也只能拍到这个了。这也是偷拍的 https://t.co/dsRVwcyxgg","","","","https://twitter.com/yigezaimin/status/933328979410370561/photo/1"
"933327532560023554","933321887219777536","2497818186","2017-11-22 13:33:18 +0000","<a href=""http://twitter.com/download/android"" rel=""nofollow"">Twitter for Android</a>","@ChuBailiang @bousdusd @asdfgzww @mranti @RFA_Chinese @fake_faith","","","",""
"933326876793176065","","","2017-11-22 13:30:42 +0000","<a href=""http://twitter.com/download/android"" rel=""nofollow"">Twitter for Android</a>","我在等候搬家的时候，才知道我们公寓因为火灾善后有个非官方的微信群，随便截几张图你们看看","","","",""
"933326195218771968","933321887219777536","2497818186","2017-11-22 13:27:59 +0000","<a href=""http://twitter.com/download/android"" rel=""nofollow"">Twitter for Android</a>","等我从里边出来，还要按手印画押，证明自己已经把贵重物品搬出来了，意愿放弃其他生活用品，嗯这两句话，要求用笔写，不写当然不行，我无所谓了，就写了。但想到了刚才那位大姐，不知她该怎么办。
之后我就打的回新租的地方了。","","","",""
"933325574474309633","933321887219777536","2497818186","2017-11-22 13:25:31 +0000","<a href=""http://twitter.com/download/android"" rel=""nofollow"">Twitter for Android</a>","我在屋里收拾完，看见刚才那个民警照相，我说我也把这惨状照下吧，问了下，说不让照相，嗯，一直有人在屋里看着我搬东西。","","","",""
"933325162736320513","933321887219777536","2497818186","2017-11-22 13:23:53 +0000","<a href=""http://twitter.com/download/android"" rel=""nofollow"">Twitter for Android</a>","我还没进房间时，就发现其他好多屋里面已经贴了封条，大概是搬完就不能再进了，公寓里气味更重，不是火灾的烟味，跟外面一样。民警先拍了照，才让我进去搬东西。我东西不多，慌慌张张十几分钟搬完了，一个旅行箱一个书包，其他被子等物不要了，但还是忘记了一些东西，也不重要了","","","",""
"933324174075969536","933323107594510336","2497818186","2017-11-22 13:19:58 +0000","<a href=""http://twitter.com/download/android"" rel=""nofollow"">Twitter for Android</a>","等到了我搬的时候，民警问我有什么贵重物品，说实话还真没啥，实话告诉他了。他在车上的时候还是催我，赶紧拿东西，拿完赶紧走。等快到村里边的时候，民警给我一个口罩，3M的不是防雾霾啊，是真的里面味道很难闻，不知道是喷了什么。我这才终于几天以后又能进这个公寓了","","","",""
"933323107594510336","933321887219777536","2497818186","2017-11-22 13:15:43 +0000","<a href=""http://twitter.com/download/android"" rel=""nofollow"">Twitter for Android</a>","很多三楼的租户都在等着，大风吹着，警察在大厅里坐着，我们这些人站在大风里等待，也唠唠嗑，才知道一楼有个大姐屋子里进水进烟冰箱洗衣机衣服等全都不能要不能用了，他想要个说法。还有个大姐，也是屋子里有冰箱洗衣机空调电视，却只让我们一趟搬完，今天必须搬完，那大姐找一派出所所长商量，无果","","","",""
"933321887219777536","","","2017-11-22 13:10:52 +0000","<a href=""http://twitter.com/download/android"" rel=""nofollow"">Twitter for Android</a>","继续说，今天下午的时候通知我们公寓可以搬东西了，不过是先要到一个叫五连环公司的地方等候排队，然后再由派出所民警带着开车去公寓搬东西，后来才知道按照楼层搬，上午搬的一二层，下午搬三层。我两点到达，四点多一点才让我进去登记，由一个民警带着去公寓。","","","",""
"933115253293854720","","","2017-11-21 23:29:47 +0000","<a href=""http://twitter.com/download/android"" rel=""nofollow"">Twitter for Android</a>","其实这件事要说有什么好处，其中一点大概就是更能让我体会到北漂的压力，以往住在村里面，生活慢悠悠，现在才搬了一天家，觉得全然不是了","","","",""
"932975417635495941","932968069168689152","2497818186","2017-11-21 14:14:08 +0000","<a href=""http://twitter.com/download/android"" rel=""nofollow"">Twitter for Android</a>","看到央视东方时空有个标题叫新建村加快搬迁节奏，可是这哪里是加快，这是火箭式的加快啊。他说难以相信这里是北京,可能还是too young了，两个月前那里热闹得很，这场火改变太多 。我记得我去过朝阳一些几个偏远村子，要说生命力，真不如几个月前的新建。","","","",""
"932972639538225152","932970450543566848","2497818186","2017-11-21 14:03:05 +0000","<a href=""http://twitter.com/download/android"" rel=""nofollow"">Twitter for Android</a>","我还想起来当初另一个同事刚搬到新建村来住的时候，我们经常一起去一家杭州小笼包包子铺的店，老板是一对老夫妻，每次见到他们都是说说笑笑，说着浙江话，我都听不懂，可是这一拆，也不知他们要去哪里。","","","",""
"932972046518067208","932970450543566848","2497818186","2017-11-21 14:00:44 +0000","<a href=""http://twitter.com/download/android"" rel=""nofollow"">Twitter for Android</a>","公寓门前就是蔬菜瓜果店，旁边就是馒头面条店，再往西走就是无数新闻里面所谓的苍蝇馆子，无证经营的馆子，但其中也有美味。就其中一家早餐店，连我们boss去那里吃都说比什么永和豆浆之类要好，可是这一拆也都没有了","","","",""
"932970450543566848","932741694885306368","2497818186","2017-11-21 13:54:23 +0000","<a href=""http://twitter.com/download/android"" rel=""nofollow"">Twitter for Android</a>","说实话，虽然经历火灾是件不好的事情，但是我怕自己忘记自己的这段经历，忘记了曾经在这么个村子里还算愉快的生活了半年多。","","","",""
"932968703523667968","932968069168689152","2497818186","2017-11-21 13:47:27 +0000","<a href=""http://twitter.com/download/android"" rel=""nofollow"">Twitter for Android</a>","同样是从公交车上两个村民那里听到的，他们说他们群里发了昔日新建村新建牌楼前主街的视频，并调侃说昔日新建CBD一去不复返了 。最后说到激动处，说在村里拆迁的就是一帮土匪。","","","",""
"932968069168689152","","","2017-11-21 13:44:56 +0000","<a href=""http://twitter.com/download/android"" rel=""nofollow"">Twitter for Android</a>","#村民和外地人 再从这个角度说说，其实从这几天的接触来看，村民和外地人实际上达成了一种互利共生的模式，村民提供房屋给外地人住，外地人见缝插针做各种服务业。
新建村原本是一个完备的生态系统，一应俱全，然而一场火灾把这种平衡打破了。","","","",""
"932967018101215233","932964552559411200","2497818186","2017-11-21 13:40:45 +0000","<a href=""http://twitter.com/download/android"" rel=""nofollow"">Twitter for Android</a>","北京在推行煤改电，但是还是有人烧煤，还是公交车上听到的，新建村里一户人家本来买了好几吨的煤，就放在了自家院子里，事件发生之后，煤也要没收了。#私有财产神圣不可侵犯","","","",""
"932965149475987456","932964552559411200","2497818186","2017-11-21 13:33:19 +0000","<a href=""http://twitter.com/download/android"" rel=""nofollow"">Twitter for Android</a>","因为公寓里很冷，我还特意买了个室内用温度计，事发当天快递刚刚到，快递员通知我快递放到了一楼值班室，我却想要晚上再拿，结果却发现没有机会了 
#新建村 #火灾","","","",""
"932964552559411200","","","2017-11-21 13:30:57 +0000","<a href=""http://twitter.com/download/android"" rel=""nofollow"">Twitter for Android</a>","#新建村 #火灾 在说说事件原因相关的，看新闻上说事件原因有可能是违规使用煤气。我说下吉源公寓(受波及的公寓)的情况，公寓跟我说12月1日供暖，一月300，也早就有规定说不让用煤气，但可能还是有人偷着用。
这些天天气确实很冷，我公寓那间向阳的屋子，中午挺暖和，到了晚上都很冷。","","","",""
"932963527169531905","932918368998375425","2497818186","2017-11-21 13:26:53 +0000","<a href=""http://twitter.com/download/android"" rel=""nofollow"">Twitter for Android</a>","#新建村 #火灾 见到这么多人，的确没有说政府在这件事上做的好的。","","","",""
"932963227142569984","932918368998375425","2497818186","2017-11-21 13:25:41 +0000","<a href=""http://twitter.com/download/android"" rel=""nofollow"">Twitter for Android</a>","后来又打滴滴，滴滴司机也是新建村附近村民，跟我吐槽一路共党太强势这样的话，我也并没有告诉他我就是失火那两个公寓的人，毕竟不想再把同样的话再讲一遍，也想低调一些。他也讲了很多不知真假的东西，比如拆迁的时候，村大队书记的屋子没有动，绕过去继续拆","","","",""
"932960181222227968","932747485889445888","2497818186","2017-11-21 13:13:35 +0000","<a href=""http://twitter.com/download/android"" rel=""nofollow"">Twitter for Android</a>","继续说，在一天之内找到房子，后来跟租户一套近乎，才知道原来其中一个也是新建村那里搬过来了。","","","",""
"932921295704023042","932904125234376705","917741606672883713","2017-11-21 10:39:04 +0000","<a href=""http://twitter.com/download/android"" rel=""nofollow"">Twitter for Android</a>","@tomleetom103 嗯，这篇文章写的不错，把我很多想说的都说了。的确如此。","","","",""
"932920751211999232","","","2017-11-21 10:36:54 +0000","<a href=""http://twitter.com/download/android"" rel=""nofollow"">Twitter for Android</a>","之前没有经历过这种事，最多觉得共党在 我不同意你所说的，但我誓死保卫你说话的权利 这件事上做的不够好，嗯也是因为我很喜欢这句话。
这几天发现在 私有财产神圣不可侵犯 这件事上也还差很多。
所以西方的普世价值啊。","","","",""
"932920194451644416","932919986737242112","2497818186","2017-11-21 10:34:41 +0000","<a href=""http://twitter.com/download/android"" rel=""nofollow"">Twitter for Android</a>","#新建村 #火灾","","","",""
"932919986737242112","932564630617989120","2497818186","2017-11-21 10:33:52 +0000","<a href=""http://twitter.com/download/android"" rel=""nofollow"">Twitter for Android</a>","说实在的，这次事件没有让我对政府更有信心，因此我才会开推特小号而不是直接用大号说这些事，我也怕查水表啊。当然我还是站在尽量冷静客观的角度看这事的。","","","",""
"932918368998375425","932747485889445888","2497818186","2017-11-21 10:27:26 +0000","<a href=""http://twitter.com/download/android"" rel=""nofollow"">Twitter for Android</a>","因为今天都在折腾租房的事，来去找房都不很着急，于是就还是坐了兴29路这趟车，与以往不同的是，外地人少了，车上我旁边坐了两个新建村村民，听他们交流本来他们是不在村里住的，把房子出租给外地人收点租金。他们也挺同情外地人，说可怜外地人说迁就迁了。","","","",""
"932917610844319744","932765385987952640","48950605","2017-11-21 10:24:25 +0000","<a href=""http://twitter.com/download/android"" rel=""nofollow"">Twitter for Android</a>","@icesalt 我直说我知道的，我根本接触不到核心，前面也说了事件发生第二天我去过多次事件现场附近询问情况，但问不到对的人，问戒严的武警特勤，他们也什么都不知道。
更不要说，让我来说事件的起因了。","","","",""
"932916645051244545","932914047711772673","2497818186","2017-11-21 10:20:35 +0000","<a href=""http://twitter.com/download/android"" rel=""nofollow"">Twitter for Android</a>","大概什么时候，我能够把我的财物从新建村搬出去，这件事对于我才算是告一段落了。然而那纸公告却写的很不清楚 https://t.co/BEDrhH9FKD","","","","https://twitter.com/yigezaimin/status/932916645051244545/photo/1"
"932916495490760704","932796540464390145","544027958","2017-11-21 10:19:59 +0000","<a href=""http://twitter.com/download/android"" rel=""nofollow"">Twitter for Android</a>","@oleolewa 对蔡奇最早也是印象最深刻的是，十九大期间称赞习近平的那套词，后来查了查这个人的履历，以前也是习的老部下了，还是宣传口的负责人，怪不得拍起马屁来这么响。然后再看到北京十九大期间各种标语也就见怪不怪了。","","","",""
"932915801962582018","932914047711772673","2497818186","2017-11-21 10:17:14 +0000","<a href=""http://twitter.com/download/android"" rel=""nofollow"">Twitter for Android</a>","也是刚刚找房子发生的事，租房还是选在了大兴，问中介公司陪着看房的人最近租房的人多不多，答复说挺多，因为很多公寓都拆了。我并没有细问，不过我猜想应该不止是新建村这个事件发生地受影响。","","","",""
"932914047711772673","932747485889445888","2497818186","2017-11-21 10:10:16 +0000","<a href=""http://twitter.com/download/android"" rel=""nofollow"">Twitter for Android</a>","如果你们感兴趣，我就继续说。接着这条推，我只用了半天的时间就找了一个出租屋，价格什么的不谈了，只说今天其实最害怕的其实是派出所突然打开电话要求搬离，那我就来不及了。还好现在已经有了住处，随时让搬随时可以搬了，在这点上，也要感谢我的公司了","","","",""
"932806022153957376","932778886965821440","7623702","2017-11-21 03:01:01 +0000","<a href=""http://twitter.com/download/android"" rel=""nofollow"">Twitter for Android</a>","@fake_faith @LiRiFang @szshu 这根本不是第一时间了，墙内都没什么人关注了。","","","",""
"932747485889445888","","","2017-11-20 23:08:24 +0000","<a href=""http://twitter.com"" rel=""nofollow"">Twitter Web Client</a>","这几天发生的很多事情，到现在我都觉得是在做梦。人生变化太快，却也只能拥抱他了。我也曾手足无措，我也曾手忙脚乱，但形势渐渐稳定下来，我接下来要做的，就是离开新建村，这个曾经发生火灾的地方，今年内第四次搬家，翻开新的一页。","","","",""
"932745974480494592","932744384746897408","2497818186","2017-11-20 23:02:24 +0000","<a href=""http://twitter.com"" rel=""nofollow"">Twitter Web Client</a>","一场火，夺走了十几人的生命，也突然让上千人的生活无法像往常一样，又要经历一次漂离，突然想起来那句话，苦的还是咱老百姓。
所以也在想，是不是只有越往上爬，脱离了底层，才能避免这种事情。但可能也会麻木到视而不见，毫无同情之心。这样的经历，我觉得不会让我离底层更远，反而会更近。","","","",""
"932744384746897408","932742533586681861","2497818186","2017-11-20 22:56:05 +0000","<a href=""http://twitter.com"" rel=""nofollow"">Twitter Web Client</a>","有些人高居庙堂，无法体会底层民众的苦。如果我只是看新闻，大概也很难体会一天之内腾退，搬家和拆除并行带来的那种震撼。做这种事当然会避免不必要的人员伤亡，但是却又让那么多的人不知将向何处去。嗯，可能也包括我自己在内，还在找房子。","","","",""
"932742533586681861","932741694885306368","2497818186","2017-11-20 22:48:44 +0000","<a href=""http://twitter.com"" rel=""nofollow"">Twitter Web Client</a>","在我看来，这不过就是个村子，如果去看看中国其他省份的乡村，也都是违章建筑，也都是无证经营，只不过这里是北京，这里的村子甚至因此更加繁华一点。我最初来到这里也很震撼，以往对北京的印象是高楼大厦，怎么会有这种地方。可后来想明白了，总要给普通打工者生存的空间吧。可现在，空间的确越来越窄","","","",""
"932741694885306368","932740724470071296","2497818186","2017-11-20 22:45:24 +0000","<a href=""http://twitter.com"" rel=""nofollow"">Twitter Web Client</a>","说说这个马上拆完的村子的情况，给自己也留个念想。我在这村子生活了半年多，说实话，我知道有很多违章建筑，我也知道有很多无证经营，比如十九大期间新建村牌楼前整条街都被迫关闭了，问道缘由十九大期间查无证经营及其他安全相关。","","","",""
"932740724470071296","932739791619178502","2497818186","2017-11-20 22:41:32 +0000","<a href=""http://twitter.com"" rel=""nofollow"">Twitter Web Client</a>","说起来，虽然通稿里面一律采用外来务工人员这样的描述来说这次事件发生地新建村的租户们，虽然大部分租户的确文化水平不高，但是也能够看出来大家越来越懂法了，越来越知道争取自己的权利了。看到有个新闻说看着穿着得体，现场工作人员就质疑他是记者，其实还是太狗眼看人低了","","","",""
"932739791619178502","","","2017-11-20 22:37:50 +0000","<a href=""http://twitter.com"" rel=""nofollow"">Twitter Web Client</a>","20日的中午再去现场的时候，再去现场的时候，就看到了央视记者在做街头采访。不过我并不认识那两个记者，只看他们拿着CCTV的话筒。有两个群众反映说有因为搬迁欠债不还的情况，记者给他们留了联系方式，说这是法制国家，怎么能不还钱呢。","","","",""
"932731857694625792","932728099837378560","2497818186","2017-11-20 22:06:18 +0000","<a href=""http://twitter.com"" rel=""nofollow"">Twitter Web Client</a>","@programthink  @williamlong","","","",""
"932728099837378560","932727351909089281","2497818186","2017-11-20 21:51:22 +0000","<a href=""http://twitter.com"" rel=""nofollow"">Twitter Web Client</a>","另外一个报案来自一个电话，电话里讲，20日的迅速搬离，政府的拆迁队把他家的某样东西砸了，他不高兴，来报案。
这样快速地拆搬也顺带着带来很多问题。","","","",""
"932727351909089281","932726453166227456","2497818186","2017-11-20 21:48:24 +0000","<a href=""http://twitter.com"" rel=""nofollow"">Twitter Web Client</a>","我的确觉得这次火灾的后续处理太过操切了，昨天20日在派出所想办一个身份证明，结果在短暂的10几分钟里，就看到两起案件，一个是村里一个修车厂老板跑了，工人的工资是政府垫付的，而供应商找到派出所询问解决措施。结果派出所说，既然政府垫付了工人工资，你们去问问能不能给你们钱。","","","",""
"932726453166227456","932725500480339968","2497818186","2017-11-20 21:44:50 +0000","<a href=""http://twitter.com"" rel=""nofollow"">Twitter Web Client</a>","有一次在派出所里面想问安置情况（其实对我来说，安置可能也不重要，我就像要个说法，毕竟之前有给过承诺），来到他们的办公区，问到一个比较大的领导此事，那领导当然热情，但也只会把我支给下面人，于是下面人又拉着我出了办公区，才告诉我安置的事他们不负责。他们是警察，只管案件。","","","",""
"932725500480339968","","","2017-11-20 21:41:03 +0000","<a href=""http://twitter.com"" rel=""nofollow"">Twitter Web Client</a>","#新建村 #火灾 这几天也因为此事频繁地跟政府工作人员，派出所，公安接触，这也是我以前没有过的。真的可以看出，越到基层，那些工作人员越傲慢。去过几次派出所，问过几个民警几个问题，然后好几次都是推皮球，甚至凶巴巴在气势上压倒你。","","","",""
"932723814785368064","932627227430215680","2497818186","2017-11-20 21:34:21 +0000","<a href=""http://twitter.com"" rel=""nofollow"">Twitter Web Client</a>","坦白讲，我对政府的态度有点矛盾，一方面火灾第二天，也就是19日我即便来到火灾现场也被封锁，作为受灾群众，第一时间看不到得不到有效信息，后来也看到了一些很粗暴的执法行为，也被现场工作人员要求删除了手机里刚刚拍的现场照片。另一方面，我觉得可能他们封锁也有道理，不然更是谣言四起了。","","","",""
"932722791270334464","932627227430215680","2497818186","2017-11-20 21:30:17 +0000","<a href=""http://twitter.com"" rel=""nofollow"">Twitter Web Client</a>","我继续聊这件事，又看了一些后续报道，一会儿应该还会去现场看看情况，看到政府公布了死亡者名单，觉得应该不会出错，这几天除了在现场密切关注形势之外，也看新闻，我没有在登记处派出所看到家属吵闹的情况，也没有在火灾警戒现场看到哭泣的情况，说明善后做得也还不错","","","",""
"932627227430215680","","","2017-11-20 15:10:33 +0000","<a href=""http://twitter.com"" rel=""nofollow"">Twitter Web Client</a>","https://t.co/6jb6ocTMkO","","","","https://twitter.com/yigezaimin/status/932627227430215680/photo/1"
"932581197602893824","932581021681295361","2497818186","2017-11-20 12:07:38 +0000","<a href=""http://twitter.com/download/android"" rel=""nofollow"">Twitter for Android</a>","https://t.co/VMqjYevo1S","","","","https://twitter.com/yigezaimin/status/932581197602893824/photo/1"
"932581021681295361","","","2017-11-20 12:06:56 +0000","<a href=""http://twitter.com"" rel=""nofollow"">Twitter Web Client</a>","#新建村 #火灾 说点积极的吧，19日的晚上我很害怕政府会直接将火灾发生的两处公寓拆掉，而不允许租户取回自己的财产。而到了20日，我又去了事发地点好几次，甚至见到了我们公寓的房东，也看到了帖在这个村子比较明显地方的公告，说事发的两个公寓内的租户可以去村警务服务站登记，听候电话，我这次放心","","","",""
"932579861947752448","","","2017-11-20 12:02:20 +0000","<a href=""http://twitter.com/download/android"" rel=""nofollow"">Twitter for Android</a>","腾退通知，就是这么快。#北京 #大兴 #新建村 #火灾 https://t.co/VFyhW2MHB2","","","","https://twitter.com/yigezaimin/status/932579861947752448/photo/1"
"932578331974762496","932578067855192064","2497818186","2017-11-20 11:56:15 +0000","<a href=""http://twitter.com"" rel=""nofollow"">Twitter Web Client</a>","@VOAChinese","","","",""
"932578067855192064","932576790521962496","2497818186","2017-11-20 11:55:12 +0000","<a href=""http://twitter.com/download/android"" rel=""nofollow"">Twitter for Android</a>","在村子里采访搬家的央视记者。本来我想说搬迁，可是这只有搬，没有迁，就像那些新闻里说的，都是外来务工人员，政府也不会管你再搬到哪里去。 https://t.co/qXdSySF9UA","","","","https://twitter.com/yigezaimin/status/932578067855192064/photo/1"
"932576790521962496","932573345089912833","2497818186","2017-11-20 11:50:07 +0000","<a href=""http://twitter.com"" rel=""nofollow"">Twitter Web Client</a>","于是到了20日的早上，就出现了壮观的场面，由于政府下了命令，除了吉源公寓和事发的聚福缘公寓外，其他村里的公寓都要在一天内腾挪，村里立刻忙碌起来，从早上到我离开的下午四点多，村里除了聚福缘公寓那条路外，都挤满了搬家的车，搬家的人。我那位同事，也是找了一个搬家公司负责搬运，狼狈不堪","","","",""
"932575798963216386","932573345089912833","2497818186","2017-11-20 11:46:11 +0000","<a href=""http://twitter.com"" rel=""nofollow"">Twitter Web Client</a>","@nytchinese @ChuBailiang","","","",""
"932573345089912833","932572465212952577","2497818186","2017-11-20 11:36:26 +0000","<a href=""http://twitter.com"" rel=""nofollow"">Twitter Web Client</a>","同事19日下午得到整个公寓房东的消息，说要立即腾退，理由是上面的指示，只能照办。好在他有同学在大兴其他地方居住，可以先住他那里。本来还想在这里再住最后一晚上，结果房间里半个小时里断了两次电，此时也陆续有人在搬家了，没有办法最终我们两个选择了去附近的公司住。你问怎么住，办公桌前趴着睡","","","",""
"932572465212952577","","","2017-11-20 11:32:56 +0000","<a href=""http://twitter.com"" rel=""nofollow"">Twitter Web Client</a>","#新建村 #火灾   我刚才说的第一件事让我对政府很难相信，第二件事，我则觉得政府让普通群众没有尊严。你们知道由于这件重大事故，北京市委书记蔡奇一句话，要举一反三，结果就是发生火灾的新建村内的公寓全部拆除，而留给租户搬腾的时间只有一天。我同事住在另外一个公寓，于是就有个一天的忙碌","","","",""
"932571440334774273","932571227721408512","2497818186","2017-11-20 11:28:52 +0000","<a href=""http://twitter.com"" rel=""nofollow"">Twitter Web Client</a>","#新建村  #大兴火灾 
#北京","","","",""
"932571227721408512","932568638447480833","2497818186","2017-11-20 11:28:01 +0000","<a href=""http://twitter.com"" rel=""nofollow"">Twitter Web Client</a>","说起来做笔录，我当时做笔录实际上是加塞的，之所以能够加塞，是因为我是由镇政府的人带过来的，而当我做完笔录，出来再一问，很多跟我情况类似的租户，正等着进行笔录。所以我招惹记者的好处是引来了镇政府的人，然后又享受了一把特权，在做笔录这件事上加了个塞。","","","",""
"932570279959699456","932568062556962816","2497818186","2017-11-20 11:24:15 +0000","<a href=""http://twitter.com"" rel=""nofollow"">Twitter Web Client</a>","一个小号，在这里说说自己的经历。@ 几个大号关注的人，让更多人知道至少还有这么一件事吧。 @mranti @laoyang945  @asdfgzww  @szshu","","","",""
"932568638447480833","932568062556962816","2497818186","2017-11-20 11:17:44 +0000","<a href=""http://twitter.com"" rel=""nofollow"">Twitter Web Client</a>","等我做完笔录出来，原本说好给我安置的镇政府的某位领导也无影无踪了，我又问了一遍派出所的人，也互相推诿，安置的事情泡了汤，我这才明白，镇政府只是想安抚我，不想让我跟记者说太多，他们害怕记者。我也很后悔当时看到某报记者没有留下他手机号或微信号 。","","","",""
"932568062556962816","932567293514493952","2497818186","2017-11-20 11:15:27 +0000","<a href=""http://twitter.com"" rel=""nofollow"">Twitter Web Client</a>","需要强调的是，我之所以会认为公寓不会经过住户允许直接直接拆掉，也是因为中午去新建牌楼看，也就是我上推照片地方，已经推土机挖掘机等齐齐开工了。而牌楼前面，就是防暴人员在守护拆除现场。这让我觉得，既然与火灾现场还有这么远距离的牌楼附近都拆了，我们火灾核心区就更是说拆就拆了","","","",""
"932567293514493952","932566042693349377","2497818186","2017-11-20 11:12:23 +0000","<a href=""http://twitter.com"" rel=""nofollow"">Twitter Web Client</a>","我跟着镇政府一个人去了个派出所，结果不是简单的登记，而是笔录，笔录在派出所的一个屋子里，有个警员甚至在平时聊天时满口脏话，笔录时我如实作答。事发的时间在做什么如何逃生都说了，我说我最在意的是我的身份证银行卡等，结果却被告知这些东西只能补办了，我于是认为公寓不会经过我们允许直接拆掉","","","",""
"932566042693349377","932565462709256192","2497818186","2017-11-20 11:07:25 +0000","<a href=""http://twitter.com"" rel=""nofollow"">Twitter Web Client</a>","跟着那个镇政府的人离开事发地点附近之后，把我带到了那个临时的新闻中心，说是可以安置，但是安置前要有一个登记，这个时候我觉得即便不信也只能如此了。他还告诉我说，要相信政府，跟那个记者嚷嚷什么用都管不了。可是我心里明白，如果不是我惊动了记者，他镇政府也不会这么及时出现。","","","",""
"932565462709256192","932564630617989120","2497818186","2017-11-20 11:05:07 +0000","<a href=""http://twitter.com"" rel=""nofollow"">Twitter Web Client</a>","我与武警特勤人员争吵起来后，惊动记者，他拿出录音笔来，开始记录我的遭遇，我就把我火灾当天的遭遇说给他听，越说越激动，身边也聚集来很多围观的群众，这时候一个自称是镇政府（西红门镇）工作人员的人告诉我不要讲了，得知我当时还没有住处，安抚我说镇政府会妥善安置受灾群众。我于是跟着那人走了","","","",""
"932564630617989120","","","2017-11-20 11:01:48 +0000","<a href=""http://twitter.com"" rel=""nofollow"">Twitter Web Client</a>","事件当天的经历已经写在了长图里面，说一下这两天来的一些其他事。1. 昨天早上中午下午三次前往火灾发生的现场，现场都被严密封锁，任何外人都不能进入，下午五点钟左右，我作为受灾群众，听到传闻说发生火灾的两个公寓即将拆毁，害怕里面自己的所有财产受到损失，与看门武警特勤人员交流，后惊动记者","","","",""
"932563707288104962","","","2017-11-20 10:58:08 +0000","<a href=""http://twitter.com/download/android"" rel=""nofollow"">Twitter for Android</a>","不好意思，作为事件的见证人，今天才开了这个小号，在这里表达一些感情。 https://t.co/lQoecDv3Zn","","","","https://twitter.com/yigezaimin/status/932563707288104962/photo/1"
"932561290752434176","","","2017-11-20 10:48:32 +0000","<a href=""http://twitter.com"" rel=""nofollow"">Twitter Web Client</a>","https://t.co/ThOrPEKvol","","","","https://twitter.com/yigezaimin/status/932561290752434176/photo/1"
